CustomerID,MaritalStatus
50001,Single
50002,Single
50003,Single
50004,Single
50005,Single
50006,Single
50007,Divorced
50008,Divorced
50009,Divorced
50010,Single
50011,Divorced
50012,Single
50013,Single
50014,Divorced
50015,Single
50016,Married
50017,Single
50018,Single
50019,Single
50020,Divorced
50021,Divorced
50022,Divorced
50023,Single
50024,Divorced
50025,Single
50026,Single
50027,Divorced
50028,Divorced
50029,Married
50030,Single
50031,Divorced
50032,Divorced
50033,Divorced
50034,Divorced
50035,Divorced
50036,Divorced
50037,Married
50038,Divorced
50039,Married
50040,Married
50041,Single
50042,Married
50043,Divorced
50044,Single
50045,Single
50046,Divorced
50047,Single
50048,Single
50049,Married
50050,Married
50051,Married
50052,Single
50053,Single
50054,Married
50055,Single
50056,Divorced
50057,Single
50058,Single
50059,Divorced
50060,Married
50061,Divorced
50062,Divorced
50063,Single
50064,Divorced
50065,Single
50066,Divorced
50067,Single
50068,Divorced
50069,Married
50070,Divorced
50071,Divorced
50072,Single
50073,Married
50074,Divorced
50075,Divorced
50076,Divorced
50077,Married
50078,Married
50079,Divorced
50080,Divorced
50081,Divorced
50082,Married
50083,Single
50084,Divorced
50085,Married
50086,Divorced
50087,Single
50088,Single
50089,Divorced
50090,Single
50091,Single
50092,Single
50093,Single
50094,Single
50095,Divorced
50096,Single
50097,Divorced
50098,Married
50099,Married
50100,Divorced
50101,Divorced
50102,Married
50103,Divorced
50104,Single
50105,Single
50106,Single
50107,Divorced
50108,Divorced
50109,Married
50110,Divorced
50111,Divorced
50112,Divorced
50113,Single
50114,Divorced
50115,Single
50116,Married
50117,Divorced
50118,Married
50119,Married
50120,Divorced
50121,Married
50122,Divorced
50123,Divorced
50124,Divorced
50125,Divorced
50126,Married
50127,Single
50128,Single
50129,Single
50130,Married
50131,Divorced
50132,Married
50133,Married
50134,Divorced
50135,Single
50136,Divorced
50137,Divorced
50138,Single
50139,Divorced
50140,Single
50141,Divorced
50142,Divorced
50143,Married
50144,Divorced
50145,Divorced
50146,Single
50147,Divorced
50148,Divorced
50149,Divorced
50150,Single
50151,Married
50152,Married
50153,Married
50154,Married
50155,Married
50156,Divorced
50157,Divorced
50158,Single
50159,Divorced
50160,Divorced
50161,Single
50162,Married
50163,Married
50164,Married
50165,Single
50166,Single
50167,Single
50168,Married
50169,Single
50170,Divorced
50171,Divorced
50172,Single
50173,Divorced
50174,Divorced
50175,Married
50176,Single
50177,Single
50178,Single
50179,Divorced
50180,Married
50181,Divorced
50182,Divorced
50183,Divorced
50184,Married
50185,Divorced
50186,Divorced
50187,Married
50188,Married
50189,Divorced
50190,Divorced
50191,Single
50192,Single
50193,Divorced
50194,Single
50195,Divorced
50196,Single
50197,Married
50198,Single
50199,Divorced
50200,Divorced
50201,Divorced
50202,Divorced
50203,Divorced
50204,Single
50205,Divorced
50206,Married
50207,Divorced
50208,Single
50209,Divorced
50210,Divorced
50211,Divorced
50212,Divorced
50213,Single
50214,Married
50215,Divorced
50216,Married
50217,Married
50218,Single
50219,Married
50220,Single
50221,Married
50222,Single
50223,Single
50224,Single
50225,Divorced
50226,Married
50227,Divorced
50228,Divorced
50229,Married
50230,Divorced
50231,Divorced
50232,Single
50233,Single
50234,Single
50235,Divorced
50236,Divorced
50237,Divorced
50238,Single
50239,Single
50240,Divorced
50241,Divorced
50242,Single
50243,Single
50244,Divorced
50245,Single
50246,Single
50247,Single
50248,Single
50249,Married
50250,Single
50251,Single
50252,Divorced
50253,Divorced
50254,Single
50255,Single
50256,Married
50257,Divorced
50258,Single
50259,Divorced
50260,Divorced
50261,Single
50262,Married
50263,Married
50264,Married
50265,Single
50266,Married
50267,Divorced
50268,Divorced
50269,Divorced
50270,Divorced
50271,Divorced
50272,Married
50273,Single
50274,Divorced
50275,Divorced
50276,Married
50277,Divorced
50278,Single
50279,Divorced
50280,Married
50281,Divorced
50282,Divorced
50283,Divorced
50284,Divorced
50285,Married
50286,Single
50287,Divorced
50288,Married
50289,Divorced
50290,Single
50291,Married
50292,Divorced
50293,Divorced
50294,Married
50295,Divorced
50296,Divorced
50297,Divorced
50298,Single
50299,Divorced
50300,Married
50301,Divorced
50302,Single
50303,Divorced
50304,Married
50305,Divorced
50306,Single
50307,Single
50308,Married
50309,Divorced
50310,Married
50311,Divorced
50312,Married
50313,Single
50314,Divorced
50315,Divorced
50316,Married
50317,Divorced
50318,Single
50319,Single
50320,Divorced
50321,Single
50322,Single
50323,Divorced
50324,Single
50325,Divorced
50326,Single
50327,Divorced
50328,Divorced
50329,Married
50330,Married
50331,Married
50332,Married
50333,Single
50334,Married
50335,Single
50336,Married
50337,Single
50338,Single
50339,Single
50340,Single
50341,Divorced
50342,Divorced
50343,Married
50344,Married
50345,Divorced
50346,Divorced
50347,Divorced
50348,Divorced
50349,Married
50350,Divorced
50351,Divorced
50352,Divorced
50353,Divorced
50354,Divorced
50355,Divorced
50356,Divorced
50357,Divorced
50358,Married
50359,Single
50360,Married
50361,Married
50362,Divorced
50363,Single
50364,Divorced
50365,Married
50366,Single
50367,Married
50368,Divorced
50369,Single
50370,Married
50371,Married
50372,Single
50373,Divorced
50374,Divorced
50375,Married
50376,Divorced
50377,Married
50378,Single
50379,Divorced
50380,Divorced
50381,Divorced
50382,Divorced
50383,Divorced
50384,Single
50385,Married
50386,Divorced
50387,Married
50388,Single
50389,Single
50390,Single
50391,Divorced
50392,Divorced
50393,Divorced
50394,Single
50395,Married
50396,Divorced
50397,Married
50398,Single
50399,Divorced
50400,Single
50401,Single
50402,Single
50403,Single
50404,Divorced
50405,Single
50406,Divorced
50407,Single
50408,Single
50409,Divorced
50410,Divorced
50411,Married
50412,Single
50413,Married
50414,Divorced
50415,Divorced
50416,Single
50417,Divorced
50418,Single
50419,Single
50420,Married
50421,Married
50422,Single
50423,Married
50424,Divorced
50425,Single
50426,Divorced
50427,Divorced
50428,Divorced
50429,Single
50430,Single
50431,Married
50432,Single
50433,Married
50434,Divorced
50435,Divorced
50436,Married
50437,Divorced
50438,Single
50439,Single
50440,Single
50441,Single
50442,Single
50443,Single
50444,Divorced
50445,Single
50446,Divorced
50447,Married
50448,Divorced
50449,Single
50450,Single
50451,Married
50452,Divorced
50453,Married
50454,Single
50455,Single
50456,Divorced
50457,Divorced
50458,Divorced
50459,Divorced
50460,Married
50461,Divorced
50462,Married
50463,Divorced
50464,Divorced
50465,Divorced
50466,Divorced
50467,Single
50468,Divorced
50469,Divorced
50470,Divorced
50471,Single
50472,Single
50473,Divorced
50474,Single
50475,Divorced
50476,Divorced
50477,Single
50478,Single
50479,Single
50480,Divorced
50481,Married
50482,Single
50483,Divorced
50484,Single
50485,Divorced
50486,Married
50487,Single
50488,Divorced
50489,Divorced
50490,Divorced
50491,Divorced
50492,Divorced
50493,Single
50494,Single
50495,Married
50496,Single
50497,Divorced
50498,Married
50499,Married
50500,Divorced
50501,Married
50502,Divorced
50503,Divorced
50504,Married
50505,Married
50506,Divorced
50507,Divorced
50508,Single
50509,Divorced
50510,Divorced
50511,Divorced
50512,Married
50513,Married
50514,Divorced
50515,Divorced
50516,Divorced
50517,Divorced
50518,Divorced
50519,Divorced
50520,Divorced
50521,Married
50522,Divorced
50523,Divorced
50524,Divorced
50525,Single
50526,Divorced
50527,Divorced
50528,Single
50529,Married
50530,Divorced
50531,Married
50532,Single
50533,Married
50534,Divorced
50535,Single
50536,Married
50537,Married
50538,Single
50539,Single
50540,Divorced
50541,Single
50542,Divorced
50543,Married
50544,Married
50545,Divorced
50546,Single
50547,Married
50548,Single
50549,Single
50550,Married
50551,Divorced
50552,Divorced
50553,Divorced
50554,Divorced
50555,Divorced
50556,Single
50557,Divorced
50558,Divorced
50559,Divorced
50560,Married
50561,Single
50562,Single
50563,Single
50564,Single
50565,Single
50566,Divorced
50567,Married
50568,Divorced
50569,Divorced
50570,Single
50571,Divorced
50572,Divorced
50573,Divorced
50574,Divorced
50575,Divorced
50576,Single
50577,Married
50578,Married
50579,Single
50580,Married
50581,Single
50582,Single
50583,Married
50584,Married
50585,Single
50586,Single
50587,Single
50588,Single
50589,Married
50590,Married
50591,Divorced
50592,Married
50593,Divorced
50594,Divorced
50595,Single
50596,Divorced
50597,Divorced
50598,Divorced
50599,Married
50600,Married
50601,Married
50602,Divorced
50603,Single
50604,Divorced
50605,Married
50606,Divorced
50607,Single
50608,Single
50609,Divorced
50610,Divorced
50611,Single
50612,Single
50613,Single
50614,Divorced
50615,Divorced
50616,Married
50617,Divorced
50618,Divorced
50619,Single
50620,Divorced
50621,Divorced
50622,Married
50623,Single
50624,Single
50625,Divorced
50626,Divorced
50627,Divorced
50628,Single
50629,Single
50630,Single
50631,Divorced
50632,Single
50633,Married
50634,Divorced
50635,Single
50636,Divorced
50637,Married
50638,Divorced
50639,Divorced
50640,Divorced
50641,Divorced
50642,Divorced
50643,Single
50644,Divorced
50645,Married
50646,Married
50647,Divorced
50648,Divorced
50649,Single
50650,Single
50651,Married
50652,Single
50653,Single
50654,Married
50655,Divorced
50656,Single
50657,Divorced
50658,Divorced
50659,Divorced
50660,Divorced
50661,Divorced
50662,Divorced
50663,Divorced
50664,Single
50665,Divorced
50666,Married
50667,Single
50668,Single
50669,Married
50670,Single
50671,Married
50672,Divorced
50673,Married
50674,Single
50675,Divorced
50676,Married
50677,Single
50678,Divorced
50679,Divorced
50680,Single
50681,Divorced
50682,Single
50683,Married
50684,Married
50685,Married
50686,Divorced
50687,Single
50688,Divorced
50689,Married
50690,Single
50691,Single
50692,Single
50693,Single
50694,Divorced
50695,Divorced
50696,Married
50697,Divorced
50698,Single
50699,Married
50700,Single
50701,Divorced
50702,Divorced
50703,Married
50704,Single
50705,Single
50706,Divorced
50707,Divorced
50708,Married
50709,Divorced
50710,Divorced
50711,Single
50712,Divorced
50713,Single
50714,Single
50715,Single
50716,Divorced
50717,Single
50718,Divorced
50719,Divorced
50720,Divorced
50721,Divorced
50722,Married
50723,Single
50724,Divorced
50725,Single
50726,Married
50727,Married
50728,Divorced
50729,Single
50730,Divorced
50731,Divorced
50732,Single
50733,Single
50734,Married
50735,Divorced
50736,Divorced
50737,Divorced
50738,Single
50739,Divorced
50740,Married
50741,Married
50742,Divorced
50743,Divorced
50744,Divorced
50745,Divorced
50746,Divorced
50747,Divorced
50748,Divorced
50749,Married
50750,Married
50751,Single
50752,Single
50753,Married
50754,Divorced
50755,Married
50756,Divorced
50757,Single
50758,Married
50759,Divorced
50760,Married
50761,Single
50762,Divorced
50763,Divorced
50764,Divorced
50765,Divorced
50766,Married
50767,Divorced
50768,Single
50769,Married
50770,Divorced
50771,Divorced
50772,Single
50773,Single
50774,Divorced
50775,Divorced
50776,Divorced
50777,Single
50778,Married
50779,Married
50780,Single
50781,Married
50782,Divorced
50783,Divorced
50784,Married
50785,Single
50786,Divorced
50787,Single
50788,Single
50789,Single
50790,Married
50791,Single
50792,Divorced
50793,Single
50794,Married
50795,Single
50796,Married
50797,Single
50798,Married
50799,Divorced
50800,Divorced
50801,Divorced
50802,Single
50803,Single
50804,Divorced
50805,Divorced
50806,Single
50807,Single
50808,Married
50809,Single
50810,Single
50811,Divorced
50812,Single
50813,Married
50814,Married
50815,Divorced
50816,Single
50817,Divorced
50818,Divorced
50819,Single
50820,Divorced
50821,Divorced
50822,Single
50823,Single
50824,Divorced
50825,Single
50826,Married
50827,Single
50828,Single
50829,Divorced
50830,Divorced
50831,Divorced
50832,Single
50833,Married
50834,Married
50835,Single
50836,Married
50837,Single
50838,Married
50839,Married
50840,Single
50841,Divorced
50842,Divorced
50843,Divorced
50844,Divorced
50845,Single
50846,Divorced
50847,Single
50848,Single
50849,Divorced
50850,Single
50851,Single
50852,Divorced
50853,Married
50854,Married
50855,Divorced
50856,Single
50857,Divorced
50858,Married
50859,Single
50860,Divorced
50861,Divorced
50862,Divorced
50863,Divorced
50864,Married
50865,Divorced
50866,Divorced
50867,Divorced
50868,Divorced
50869,Divorced
50870,Divorced
50871,Single
50872,Divorced
50873,Single
50874,Single
50875,Divorced
50876,Divorced
50877,Single
50878,Single
50879,Divorced
50880,Single
50881,Single
50882,Single
50883,Single
50884,Single
50885,Divorced
50886,Married
50887,Single
50888,Single
50889,Married
50890,Single
50891,Married
50892,Single
50893,Divorced
50894,Single
50895,Divorced
50896,Divorced
50897,Divorced
50898,Single
50899,Divorced
50900,Divorced
50901,Divorced
50902,Divorced
50903,Divorced
50904,Divorced
50905,Married
50906,Married
50907,Married
50908,Single
50909,Single
50910,Married
50911,Single
50912,Divorced
50913,Divorced
50914,Married
50915,Divorced
50916,Married
50917,Single
50918,Single
50919,Single
50920,Divorced
50921,Married
50922,Single
50923,Divorced
50924,Single
50925,Divorced
50926,Single
50927,Divorced
50928,Married
50929,Divorced
50930,Married
50931,Married
50932,Divorced
50933,Single
50934,Single
50935,Divorced
50936,Single
50937,Divorced
50938,Single
50939,Married
50940,Married
50941,Divorced
50942,Divorced
50943,Divorced
50944,Single
50945,Married
50946,Single
50947,Divorced
50948,Divorced
50949,Divorced
50950,Single
50951,Single
50952,Married
50953,Single
50954,Divorced
50955,Single
50956,Divorced
50957,Single
50958,Single
50959,Single
50960,Divorced
50961,Single
50962,Single
50963,Married
50964,Married
50965,Married
50966,Married
50967,Single
50968,Married
50969,Married
50970,Married
50971,Married
50972,Single
50973,Married
50974,Married
50975,Married
50976,Married
50977,Married
50978,Single
50979,Married
50980,Married
50981,Married
50982,Married
50983,Married
50984,Single
50985,Married
50986,Married
50987,Married
50988,Married
50989,Married
50990,Married
50991,Single
50992,Married
50993,Married
50994,Married
50995,Married
50996,Single
50997,Single
50998,Single
50999,Single
51000,Married
51001,Married
51002,Married
51003,Married
51004,Married
51005,Single
51006,Married
51007,Married
51008,Married
51009,Married
51010,Married
51011,Single
51012,Married
51013,Married
51014,Married
51015,Married
51016,Married
51017,Married
51018,Single
51019,Married
51020,Single
51021,Married
51022,Married
51023,Married
51024,Married
51025,Married
51026,Married
51027,Married
51028,Single
51029,Single
51030,Married
51031,Married
51032,Married
51033,Married
51034,Married
51035,Single
51036,Married
51037,Married
51038,Married
51039,Married
51040,Single
51041,Married
51042,Married
51043,Married
51044,Single
51045,Married
51046,Single
51047,Single
51048,Single
51049,Married
51050,Married
51051,Married
51052,Married
51053,Married
51054,Single
51055,Married
51056,Single
51057,Married
51058,Married
51059,Married
51060,Married
51061,Married
51062,Single
51063,Married
51064,Married
51065,Married
51066,Married
51067,Married
51068,Married
51069,Single
51070,Married
51071,Single
51072,Single
51073,Single
51074,Married
51075,Married
51076,Married
51077,Single
51078,Married
51079,Married
51080,Married
51081,Single
51082,Single
51083,Married
51084,Married
51085,Married
51086,Married
51087,Married
51088,Married
51089,Married
51090,Married
51091,Single
51092,Married
51093,Married
51094,Single
51095,Married
51096,Single
51097,Married
51098,Married
51099,Married
51100,Married
51101,Single
51102,Married
51103,Married
51104,Married
51105,Married
51106,Married
51107,Single
51108,Married
51109,Married
51110,Married
51111,Married
51112,Married
51113,Single
51114,Single
51115,Single
51116,Married
51117,Married
51118,Single
51119,Married
51120,Single
51121,Married
51122,Married
51123,Married
51124,Single
51125,Single
51126,Single
51127,Married
51128,Married
51129,Single
51130,Single
51131,Single
51132,Married
51133,Married
51134,Married
51135,Married
51136,Single
51137,Married
51138,Married
51139,Married
51140,Married
51141,Married
51142,Married
51143,Married
51144,Married
51145,Single
51146,Single
51147,Single
51148,Married
51149,Married
51150,Married
51151,Married
51152,Married
51153,Married
51154,Married
51155,Married
51156,Married
51157,Single
51158,Married
51159,Married
51160,Single
51161,Single
51162,Married
51163,Married
51164,Married
51165,Married
51166,Married
51167,Single
51168,Married
51169,Single
51170,Single
51171,Married
51172,Single
51173,Married
51174,Married
51175,Married
51176,Married
51177,Married
51178,Married
51179,Married
51180,Married
51181,Married
51182,Married
51183,Married
51184,Married
51185,Single
51186,Married
51187,Single
51188,Married
51189,Married
51190,Married
51191,Married
51192,Married
51193,Single
51194,Married
51195,Single
51196,Married
51197,Single
51198,Married
51199,Married
51200,Married
51201,Single
51202,Single
51203,Married
51204,Married
51205,Married
51206,Married
51207,Married
51208,Single
51209,Married
51210,Married
51211,Married
51212,Married
51213,Married
51214,Single
51215,Single
51216,Married
51217,Married
51218,Married
51219,Single
51220,Married
51221,Married
51222,Married
51223,Single
51224,Married
51225,Married
51226,Single
51227,Married
51228,Married
51229,Married
51230,Single
51231,Married
51232,Married
51233,Married
51234,Married
51235,Married
51236,Married
51237,Married
51238,Single
51239,Single
51240,Married
51241,Single
51242,Married
51243,Married
51244,Married
51245,Single
51246,Married
51247,Married
51248,Married
51249,Married
51250,Married
51251,Single
51252,Married
51253,Married
51254,Married
51255,Married
51256,Married
51257,Single
51258,Married
51259,Married
51260,Single
51261,Married
51262,Single
51263,Married
51264,Married
51265,Married
51266,Married
51267,Single
51268,Married
51269,Single
51270,Single
51271,Married
51272,Single
51273,Married
51274,Married
51275,Married
51276,Married
51277,Married
51278,Married
51279,Single
51280,Single
51281,Married
51282,Single
51283,Single
51284,Single
51285,Married
51286,Married
51287,Married
51288,Married
51289,Married
51290,Single
51291,Married
51292,Married
51293,Married
51294,Married
51295,Married
51296,Married
51297,Married
51298,Married
51299,Single
51300,Single
51301,Married
51302,Single
51303,Married
51304,Married
51305,Single
51306,Married
51307,Married
51308,Married
51309,Married
51310,Married
51311,Single
51312,Single
51313,Single
51314,Married
51315,Married
51316,Married
51317,Married
51318,Married
51319,Married
51320,Married
51321,Married
51322,Married
51323,Married
51324,Married
51325,Single
51326,Single
51327,Married
51328,Married
51329,Married
51330,Single
51331,Single
51332,Married
51333,Married
51334,Married
51335,Married
51336,Single
51337,Married
51338,Married
51339,Single
51340,Single
51341,Married
51342,Married
51343,Married
51344,Married
51345,Married
51346,Single
51347,Married
51348,Single
51349,Married
51350,Married
51351,Single
51352,Married
51353,Married
51354,Single
51355,Married
51356,Married
51357,Single
51358,Married
51359,Married
51360,Single
51361,Married
51362,Married
51363,Married
51364,Married
51365,Single
51366,Married
51367,Single
51368,Single
51369,Single
51370,Single
51371,Married
51372,Single
51373,Married
51374,Married
51375,Single
51376,Single
51377,Married
51378,Single
51379,Married
51380,Married
51381,Married
51382,Married
51383,Married
51384,Married
51385,Married
51386,Married
51387,Married
51388,Single
51389,Single
51390,Single
51391,Married
51392,Single
51393,Married
51394,Single
51395,Married
51396,Single
51397,Single
51398,Married
51399,Married
51400,Married
51401,Single
51402,Married
51403,Married
51404,Married
51405,Married
51406,Married
51407,Single
51408,Married
51409,Single
51410,Married
51411,Married
51412,Single
51413,Married
51414,Married
51415,Married
51416,Single
51417,Married
51418,Single
51419,Married
51420,Married
51421,Single
51422,Single
51423,Married
51424,Single
51425,Married
51426,Married
51427,Single
51428,Married
51429,Married
51430,Married
51431,Single
51432,Married
51433,Married
51434,Married
51435,Single
51436,Married
51437,Single
51438,Married
51439,Married
51440,Single
51441,Married
51442,Married
51443,Married
51444,Single
51445,Married
51446,Married
51447,Single
51448,Single
51449,Single
51450,Married
51451,Married
51452,Married
51453,Single
51454,Married
51455,Single
51456,Single
51457,Single
51458,Single
51459,Married
51460,Married
51461,Single
51462,Single
51463,Married
51464,Married
51465,Married
51466,Married
51467,Married
51468,Married
51469,Single
51470,Married
51471,Married
51472,Married
51473,Single
51474,Married
51475,Married
51476,Single
51477,Single
51478,Married
51479,Married
51480,Married
51481,Married
51482,Single
51483,Married
51484,Married
51485,Married
51486,Single
51487,Single
51488,Single
51489,Single
51490,Married
51491,Married
51492,Single
51493,Married
51494,Married
51495,Single
51496,Married
51497,Married
51498,Married
51499,Married
51500,Single
51501,Married
51502,Married
51503,Married
51504,Married
51505,Married
51506,Married
51507,Married
51508,Married
51509,Married
51510,Married
51511,Single
51512,Married
51513,Married
51514,Single
51515,Single
51516,Married
51517,Single
51518,Single
51519,Married
51520,Married
51521,Married
51522,Single
51523,Single
51524,Married
51525,Single
51526,Married
51527,Single
51528,Single
51529,Married
51530,Married
51531,Married
51532,Married
51533,Single
51534,Married
51535,Single
51536,Married
51537,Single
51538,Married
51539,Married
51540,Married
51541,Married
51542,Single
51543,Married
51544,Married
51545,Married
51546,Married
51547,Married
51548,Married
51549,Married
51550,Married
51551,Married
51552,Married
51553,Single
51554,Married
51555,Married
51556,Married
51557,Single
51558,Single
51559,Married
51560,Single
51561,Single
51562,Single
51563,Single
51564,Single
51565,Married
51566,Single
51567,Married
51568,Married
51569,Married
51570,Married
51571,Married
51572,Married
51573,Married
51574,Single
51575,Single
51576,Single
51577,Married
51578,Married
51579,Married
51580,Married
51581,Married
51582,Married
51583,Single
51584,Married
51585,Single
51586,Married
51587,Married
51588,Married
51589,Married
51590,Married
51591,Married
51592,Married
51593,Married
51594,Married
51595,Married
51596,Married
51597,Single
51598,Single
51599,Single
51600,Married
51601,Married
51602,Married
51603,Married
51604,Married
51605,Single
51606,Married
51607,Married
51608,Single
51609,Married
51610,Single
51611,Married
51612,Married
51613,Married
51614,Married
51615,Married
51616,Single
51617,Married
51618,Married
51619,Married
51620,Single
51621,Married
51622,Married
51623,Married
51624,Married
51625,Married
51626,Married
51627,Married
51628,Single
51629,Married
51630,Married
51631,Single
51632,Married
51633,Married
51634,Married
51635,Single
51636,Single
51637,Single
51638,Married
51639,Single
51640,Married
51641,Married
51642,Single
51643,Married
51644,Married
51645,Married
51646,Single
51647,Single
51648,Single
51649,Married
51650,Married
51651,Married
51652,Married
51653,Married
51654,Married
51655,Married
51656,Married
51657,Married
51658,Married
51659,Married
51660,Married
51661,Single
51662,Single
51663,Married
51664,Single
51665,Married
51666,Single
51667,Married
51668,Single
51669,Married
51670,Married
51671,Married
51672,Married
51673,Married
51674,Single
51675,Married
51676,Married
51677,Married
51678,Single
51679,Married
51680,Married
51681,Married
51682,Married
51683,Single
51684,Married
51685,Married
51686,Married
51687,Married
51688,Single
51689,Married
51690,Single
51691,Married
51692,Single
51693,Single
51694,Single
51695,Married
51696,Married
51697,Married
51698,Married
51699,Married
51700,Married
51701,Married
51702,Single
51703,Single
51704,Single
51705,Married
51706,Married
51707,Married
51708,Single
51709,Single
51710,Married
51711,Married
51712,Single
51713,Single
51714,Married
51715,Single
51716,Single
51717,Single
51718,Single
51719,Married
51720,Single
51721,Single
51722,Married
51723,Married
51724,Single
51725,Single
51726,Married
51727,Married
51728,Single
51729,Married
51730,Married
51731,Single
51732,Married
51733,Married
51734,Married
51735,Single
51736,Married
51737,Married
51738,Married
51739,Married
51740,Married
51741,Married
51742,Married
51743,Single
51744,Married
51745,Married
51746,Married
51747,Married
51748,Single
51749,Married
51750,Married
51751,Married
51752,Married
51753,Married
51754,Married
51755,Married
51756,Single
51757,Married
51758,Married
51759,Married
51760,Single
51761,Married
51762,Married
51763,Married
51764,Married
51765,Married
51766,Married
51767,Married
51768,Single
51769,Married
51770,Married
51771,Married
51772,Single
51773,Married
51774,Married
51775,Married
51776,Single
51777,Single
51778,Married
51779,Married
51780,Married
51781,Married
51782,Married
51783,Single
51784,Married
51785,Married
51786,Married
51787,Married
51788,Single
51789,Single
51790,Married
51791,Single
51792,Single
51793,Married
51794,Single
51795,Married
51796,Single
51797,Married
51798,Married
51799,Married
51800,Married
51801,Married
51802,Married
51803,Single
51804,Married
51805,Single
51806,Married
51807,Single
51808,Single
51809,Single
51810,Single
51811,Married
51812,Married
51813,Married
51814,Married
51815,Married
51816,Married
51817,Married
51818,Married
51819,Married
51820,Married
51821,Married
51822,Married
51823,Married
51824,Married
51825,Married
51826,Married
51827,Married
51828,Married
51829,Single
51830,Married
51831,Married
51832,Married
51833,Single
51834,Married
51835,Married
51836,Single
51837,Married
51838,Married
51839,Single
51840,Married
51841,Married
51842,Single
51843,Married
51844,Married
51845,Married
51846,Married
51847,Married
51848,Single
51849,Married
51850,Married
51851,Married
51852,Married
51853,Married
51854,Single
51855,Married
51856,Married
51857,Married
51858,Single
51859,Single
51860,Single
51861,Married
51862,Married
51863,Married
51864,Single
51865,Married
51866,Married
51867,Married
51868,Single
51869,Married
51870,Single
51871,Single
51872,Single
51873,Single
51874,Married
51875,Single
51876,Married
51877,Single
51878,Single
51879,Married
51880,Married
51881,Married
51882,Single
51883,Married
51884,Married
51885,Married
51886,Single
51887,Married
51888,Single
51889,Single
51890,Married
51891,Married
51892,Single
51893,Married
51894,Married
51895,Single
51896,Married
51897,Married
51898,Married
51899,Single
51900,Single
51901,Married
51902,Single
51903,Married
51904,Married
51905,Married
51906,Married
51907,Married
51908,Single
51909,Single
51910,Single
51911,Single
51912,Single
51913,Single
51914,Married
51915,Single
51916,Married
51917,Married
51918,Married
51919,Single
51920,Single
51921,Married
51922,Married
51923,Married
51924,Single
51925,Single
51926,Married
51927,Married
51928,Married
51929,Married
51930,Married
51931,Married
51932,Married
51933,Married
51934,Married
51935,Married
51936,Married
51937,Single
51938,Married
51939,Married
51940,Married
51941,Single
51942,Single
51943,Married
51944,Single
51945,Married
51946,Married
51947,Single
51948,Single
51949,Single
51950,Married
51951,Married
51952,Single
51953,Married
51954,Single
51955,Married
51956,Married
51957,Single
51958,Married
51959,Married
51960,Married
51961,Married
51962,Married
51963,Single
51964,Single
51965,Married
51966,Single
51967,Married
51968,Married
51969,Married
51970,Married
51971,Married
51972,Married
51973,Married
51974,Married
51975,Married
51976,Married
51977,Married
51978,Single
51979,Married
51980,Married
51981,Married
51982,Married
51983,Married
51984,Married
51985,Married
51986,Married
51987,Married
51988,Married
51989,Married
51990,Married
51991,Married
51992,Married
51993,Married
51994,Married
51995,Single
51996,Married
51997,Married
51998,Single
51999,Married
52000,Married
52001,Married
52002,Single
52003,Married
52004,Married
52005,Single
52006,Married
52007,Married
52008,Single
52009,Single
52010,Married
52011,Single
52012,Married
52013,Married
52014,Married
52015,Married
52016,Single
52017,Married
52018,Single
52019,Single
52020,Married
52021,Married
52022,Married
52023,Married
52024,Married
52025,Married
52026,Single
52027,Married
52028,Married
52029,Married
52030,Married
52031,Single
52032,Single
52033,Single
52034,Single
52035,Single
52036,Married
52037,Married
52038,Married
52039,Married
52040,Single
52041,Married
52042,Married
52043,Married
52044,Married
52045,Married
52046,Single
52047,Married
52048,Married
52049,Single
52050,Married
52051,Single
52052,Single
52053,Married
52054,Married
52055,Single
52056,Single
52057,Single
52058,Single
52059,Married
52060,Married
52061,Married
52062,Married
52063,Married
52064,Married
52065,Single
52066,Married
52067,Married
52068,Married
52069,Married
52070,Married
52071,Married
52072,Married
52073,Single
52074,Married
52075,Married
52076,Married
52077,Single
52078,Single
52079,Married
52080,Married
52081,Single
52082,Single
52083,Single
52084,Married
52085,Married
52086,Married
52087,Married
52088,Married
52089,Single
52090,Married
52091,Married
52092,Married
52093,Single
52094,Single
52095,Married
52096,Married
52097,Married
52098,Single
52099,Single
52100,Single
52101,Married
52102,Single
52103,Married
52104,Married
52105,Single
52106,Married
52107,Married
52108,Married
52109,Married
52110,Married
52111,Married
52112,Married
52113,Single
52114,Married
52115,Married
52116,Married
52117,Married
52118,Married
52119,Single
52120,Single
52121,Married
52122,Single
52123,Single
52124,Married
52125,Married
52126,Single
52127,Married
52128,Married
52129,Married
52130,Married
52131,Married
52132,Married
52133,Married
52134,Single
52135,Married
52136,Married
52137,Single
52138,Single
52139,Married
52140,Single
52141,Married
52142,Married
52143,Married
52144,Single
52145,Married
52146,Married
52147,Single
52148,Married
52149,Married
52150,Single
52151,Married
52152,Single
52153,Married
52154,Married
52155,Married
52156,Married
52157,Single
52158,Married
52159,Married
52160,Single
52161,Single
52162,Single
52163,Single
52164,Married
52165,Married
52166,Married
52167,Married
52168,Single
52169,Married
52170,Single
52171,Married
52172,Married
52173,Married
52174,Single
52175,Single
52176,Married
52177,Married
52178,Married
52179,Married
52180,Married
52181,Single
52182,Married
52183,Single
52184,Single
52185,Single
52186,Married
52187,Single
52188,Married
52189,Married
52190,Married
52191,Married
52192,Married
52193,Single
52194,Married
52195,Single
52196,Married
52197,Married
52198,Married
52199,Single
52200,Married
52201,Married
52202,Single
52203,Single
52204,Married
52205,Married
52206,Married
52207,Married
52208,Single
52209,Married
52210,Married
52211,Married
52212,Married
52213,Married
52214,Married
52215,Married
52216,Married
52217,Married
52218,Married
52219,Married
52220,Married
52221,Single
52222,Single
52223,Married
52224,Married
52225,Married
52226,Married
52227,Single
52228,Married
52229,Married
52230,Married
52231,Single
52232,Married
52233,Married
52234,Married
52235,Married
52236,Married
52237,Married
52238,Single
52239,Married
52240,Married
52241,Married
52242,Single
52243,Single
52244,Married
52245,Married
52246,Married
52247,Single
52248,Married
52249,Married
52250,Single
52251,Married
52252,Married
52253,Married
52254,Married
52255,Single
52256,Married
52257,Single
52258,Single
52259,Single
52260,Married
52261,Single
52262,Married
52263,Single
52264,Married
52265,Single
52266,Married
52267,Single
52268,Married
52269,Married
52270,Married
52271,Married
52272,Single
52273,Single
52274,Married
52275,Married
52276,Single
52277,Single
52278,Married
52279,Single
52280,Single
52281,Married
52282,Single
52283,Married
52284,Married
52285,Married
52286,Single
52287,Married
52288,Married
52289,Single
52290,Married
52291,Married
52292,Single
52293,Single
52294,Married
52295,Single
52296,Married
52297,Single
52298,Single
52299,Married
52300,Married
52301,Married
52302,Single
52303,Married
52304,Married
52305,Single
52306,Married
52307,Single
52308,Married
52309,Married
52310,Single
52311,Married
52312,Married
52313,Married
52314,Married
52315,Single
52316,Married
52317,Single
52318,Single
52319,Married
52320,Single
52321,Single
52322,Married
52323,Married
52324,Married
52325,Married
52326,Single
52327,Married
52328,Married
52329,Single
52330,Married
52331,Married
52332,Married
52333,Married
52334,Married
52335,Married
52336,Married
52337,Married
52338,Married
52339,Married
52340,Married
52341,Single
52342,Married
52343,Single
52344,Single
52345,Married
52346,Married
52347,Single
52348,Single
52349,Married
52350,Single
52351,Single
52352,Single
52353,Single
52354,Single
52355,Married
52356,Married
52357,Single
52358,Single
52359,Married
52360,Single
52361,Married
52362,Single
52363,Married
52364,Single
52365,Married
52366,Married
52367,Married
52368,Single
52369,Married
52370,Married
52371,Married
52372,Married
52373,Married
52374,Married
52375,Married
52376,Married
52377,Married
52378,Single
52379,Single
52380,Married
52381,Single
52382,Married
52383,Married
52384,Married
52385,Married
52386,Married
52387,Single
52388,Single
52389,Single
52390,Married
52391,Married
52392,Single
52393,Married
52394,Single
52395,Married
52396,Single
52397,Married
52398,Married
52399,Married
52400,Married
52401,Married
52402,Married
52403,Single
52404,Single
52405,Married
52406,Single
52407,Married
52408,Single
52409,Married
52410,Married
52411,Married
52412,Married
52413,Married
52414,Single
52415,Married
52416,Single
52417,Married
52418,Married
52419,Married
52420,Single
52421,Single
52422,Married
52423,Single
52424,Married
52425,Single
52426,Married
52427,Single
52428,Single
52429,Single
52430,Married
52431,Single
52432,Single
52433,Married
52434,Married
52435,Married
52436,Married
52437,Single
52438,Married
52439,Married
52440,Married
52441,Married
52442,Single
52443,Married
52444,Married
52445,Married
52446,Married
52447,Married
52448,Single
52449,Married
52450,Married
52451,Married
52452,Married
52453,Married
52454,Single
52455,Married
52456,Married
52457,Married
52458,Married
52459,Married
52460,Married
52461,Single
52462,Married
52463,Married
52464,Married
52465,Married
52466,Single
52467,Single
52468,Single
52469,Single
52470,Married
52471,Married
52472,Married
52473,Married
52474,Married
52475,Single
52476,Married
52477,Married
52478,Married
52479,Married
52480,Married
52481,Single
52482,Married
52483,Married
52484,Married
52485,Married
52486,Married
52487,Married
52488,Single
52489,Married
52490,Single
52491,Married
52492,Married
52493,Married
52494,Married
52495,Married
52496,Married
52497,Married
52498,Single
52499,Single
52500,Married
52501,Married
52502,Married
52503,Married
52504,Married
52505,Single
52506,Married
52507,Married
52508,Married
52509,Married
52510,Single
52511,Married
52512,Married
52513,Married
52514,Single
52515,Married
52516,Single
52517,Single
52518,Single
52519,Married
52520,Married
52521,Married
52522,Married
52523,Married
52524,Single
52525,Married
52526,Single
52527,Married
52528,Married
52529,Married
52530,Married
52531,Married
52532,Single
52533,Married
52534,Married
52535,Married
52536,Married
52537,Married
52538,Married
52539,Single
52540,Married
52541,Single
52542,Single
52543,Single
52544,Married
52545,Married
52546,Married
52547,Single
52548,Married
52549,Married
52550,Married
52551,Single
52552,Single
52553,Married
52554,Married
52555,Married
52556,Married
52557,Married
52558,Married
52559,Married
52560,Married
52561,Single
52562,Married
52563,Married
52564,Single
52565,Married
52566,Single
52567,Married
52568,Married
52569,Married
52570,Married
52571,Single
52572,Married
52573,Married
52574,Married
52575,Married
52576,Married
52577,Single
52578,Married
52579,Married
52580,Married
52581,Married
52582,Married
52583,Single
52584,Single
52585,Single
52586,Married
52587,Married
52588,Single
52589,Married
52590,Single
52591,Married
52592,Married
52593,Married
52594,Single
52595,Single
52596,Single
52597,Married
52598,Married
52599,Single
52600,Single
52601,Single
52602,Married
52603,Married
52604,Married
52605,Married
52606,Single
52607,Married
52608,Married
52609,Married
52610,Married
52611,Married
52612,Married
52613,Married
52614,Married
52615,Single
52616,Single
52617,Single
52618,Married
52619,Married
52620,Married
52621,Married
52622,Married
52623,Married
52624,Married
52625,Married
52626,Married
52627,Single
52628,Married
52629,Married
52630,Single
52631,Single
52632,Married
52633,Married
52634,Married
52635,Married
52636,Married
52637,Single
52638,Married
52639,Single
52640,Single
52641,Married
52642,Single
52643,Married
52644,Married
52645,Married
52646,Married
52647,Married
52648,Married
52649,Married
52650,Married
52651,Married
52652,Married
52653,Married
52654,Married
52655,Single
52656,Married
52657,Single
52658,Married
52659,Married
52660,Married
52661,Married
52662,Married
52663,Single
52664,Married
52665,Single
52666,Married
52667,Single
52668,Married
52669,Married
52670,Married
52671,Single
52672,Single
52673,Married
52674,Married
52675,Married
52676,Married
52677,Married
52678,Single
52679,Married
52680,Married
52681,Married
52682,Married
52683,Married
52684,Single
52685,Single
52686,Married
52687,Married
52688,Married
52689,Single
52690,Married
52691,Married
52692,Married
52693,Single
52694,Married
52695,Married
52696,Single
52697,Married
52698,Married
52699,Married
52700,Single
52701,Married
52702,Married
52703,Married
52704,Married
52705,Married
52706,Married
52707,Married
52708,Single
52709,Single
52710,Married
52711,Single
52712,Married
52713,Married
52714,Married
52715,Single
52716,Married
52717,Married
52718,Married
52719,Married
52720,Married
52721,Single
52722,Married
52723,Married
52724,Married
52725,Married
52726,Married
52727,Single
52728,Married
52729,Married
52730,Single
52731,Married
52732,Single
52733,Married
52734,Married
52735,Married
52736,Married
52737,Single
52738,Married
52739,Single
52740,Single
52741,Married
52742,Single
52743,Married
52744,Married
52745,Married
52746,Married
52747,Married
52748,Married
52749,Single
52750,Single
52751,Married
52752,Single
52753,Single
52754,Single
52755,Married
52756,Married
52757,Married
52758,Married
52759,Married
52760,Single
52761,Married
52762,Married
52763,Married
52764,Married
52765,Married
52766,Married
52767,Married
52768,Married
52769,Single
52770,Single
52771,Married
52772,Single
52773,Married
52774,Married
52775,Single
52776,Married
52777,Married
52778,Married
52779,Married
52780,Married
52781,Single
52782,Single
52783,Single
52784,Married
52785,Married
52786,Married
52787,Married
52788,Married
52789,Married
52790,Married
52791,Married
52792,Married
52793,Married
52794,Married
52795,Single
52796,Single
52797,Married
52798,Married
52799,Married
52800,Single
52801,Single
52802,Married
52803,Married
52804,Married
52805,Married
52806,Single
52807,Married
52808,Married
52809,Single
52810,Single
52811,Married
52812,Married
52813,Married
52814,Married
52815,Married
52816,Single
52817,Single
52818,Single
52819,Single
52820,Single
52821,Single
52822,Divorced
52823,Divorced
52824,Divorced
52825,Single
52826,Divorced
52827,Single
52828,Single
52829,Divorced
52830,Single
52831,Married
52832,Single
52833,Single
52834,Single
52835,Divorced
52836,Divorced
52837,Divorced
52838,Single
52839,Divorced
52840,Single
52841,Single
52842,Divorced
52843,Divorced
52844,Married
52845,Single
52846,Divorced
52847,Divorced
52848,Divorced
52849,Divorced
52850,Divorced
52851,Divorced
52852,Married
52853,Divorced
52854,Married
52855,Married
52856,Single
52857,Married
52858,Divorced
52859,Single
52860,Single
52861,Divorced
52862,Single
52863,Single
52864,Married
52865,Married
52866,Married
52867,Single
52868,Single
52869,Married
52870,Single
52871,Divorced
52872,Single
52873,Single
52874,Divorced
52875,Married
52876,Divorced
52877,Divorced
52878,Single
52879,Divorced
52880,Single
52881,Divorced
52882,Single
52883,Divorced
52884,Married
52885,Divorced
52886,Divorced
52887,Single
52888,Married
52889,Divorced
52890,Divorced
52891,Divorced
52892,Married
52893,Married
52894,Divorced
52895,Divorced
52896,Divorced
52897,Married
52898,Single
52899,Divorced
52900,Married
52901,Divorced
52902,Single
52903,Single
52904,Divorced
52905,Single
52906,Single
52907,Single
52908,Single
52909,Single
52910,Divorced
52911,Single
52912,Divorced
52913,Married
52914,Married
52915,Divorced
52916,Divorced
52917,Married
52918,Divorced
52919,Single
52920,Single
52921,Single
52922,Divorced
52923,Divorced
52924,Married
52925,Divorced
52926,Divorced
52927,Divorced
52928,Single
52929,Divorced
52930,Single
52931,Married
52932,Divorced
52933,Married
52934,Married
52935,Divorced
52936,Married
52937,Divorced
52938,Divorced
52939,Divorced
52940,Divorced
52941,Married
52942,Single
52943,Single
52944,Single
52945,Married
52946,Divorced
52947,Married
52948,Married
52949,Divorced
52950,Single
52951,Divorced
52952,Divorced
52953,Single
52954,Divorced
52955,Single
52956,Divorced
52957,Divorced
52958,Married
52959,Divorced
52960,Divorced
52961,Single
52962,Divorced
52963,Divorced
52964,Divorced
52965,Single
52966,Married
52967,Married
52968,Married
52969,Married
52970,Married
52971,Divorced
52972,Divorced
52973,Single
52974,Divorced
52975,Divorced
52976,Single
52977,Married
52978,Married
52979,Married
52980,Single
52981,Single
52982,Single
52983,Married
52984,Single
52985,Divorced
52986,Divorced
52987,Single
52988,Divorced
52989,Divorced
52990,Married
52991,Single
52992,Single
52993,Single
52994,Divorced
52995,Married
52996,Divorced
52997,Divorced
52998,Divorced
52999,Married
53000,Divorced
53001,Divorced
53002,Married
53003,Married
53004,Divorced
53005,Divorced
53006,Single
53007,Single
53008,Divorced
53009,Single
53010,Divorced
53011,Single
53012,Married
53013,Single
53014,Divorced
53015,Divorced
53016,Divorced
53017,Divorced
53018,Divorced
53019,Single
53020,Divorced
53021,Married
53022,Divorced
53023,Single
53024,Divorced
53025,Divorced
53026,Divorced
53027,Divorced
53028,Single
53029,Married
53030,Divorced
53031,Married
53032,Married
53033,Single
53034,Married
53035,Single
53036,Married
53037,Single
53038,Single
53039,Single
53040,Divorced
53041,Married
53042,Divorced
53043,Divorced
53044,Married
53045,Divorced
53046,Divorced
53047,Single
53048,Single
53049,Single
53050,Divorced
53051,Divorced
53052,Divorced
53053,Single
53054,Single
53055,Divorced
53056,Divorced
53057,Single
53058,Single
53059,Divorced
53060,Single
53061,Single
53062,Single
53063,Single
53064,Married
53065,Single
53066,Single
53067,Divorced
53068,Divorced
53069,Single
53070,Single
53071,Married
53072,Divorced
53073,Single
53074,Divorced
53075,Divorced
53076,Single
53077,Married
53078,Married
53079,Married
53080,Single
53081,Married
53082,Divorced
53083,Divorced
53084,Divorced
53085,Divorced
53086,Divorced
53087,Married
53088,Single
53089,Divorced
53090,Divorced
53091,Married
53092,Divorced
53093,Single
53094,Divorced
53095,Married
53096,Divorced
53097,Divorced
53098,Divorced
53099,Divorced
53100,Married
53101,Single
53102,Divorced
53103,Married
53104,Divorced
53105,Single
53106,Married
53107,Divorced
53108,Divorced
53109,Married
53110,Divorced
53111,Divorced
53112,Divorced
53113,Single
53114,Divorced
53115,Married
53116,Divorced
53117,Single
53118,Divorced
53119,Married
53120,Divorced
53121,Single
53122,Single
53123,Married
53124,Divorced
53125,Married
53126,Divorced
53127,Married
53128,Single
53129,Divorced
53130,Divorced
53131,Married
53132,Divorced
53133,Single
53134,Single
53135,Divorced
53136,Single
53137,Single
53138,Divorced
53139,Single
53140,Divorced
53141,Single
53142,Divorced
53143,Divorced
53144,Married
53145,Married
53146,Married
53147,Married
53148,Single
53149,Married
53150,Single
53151,Married
53152,Single
53153,Single
53154,Single
53155,Single
53156,Divorced
53157,Divorced
53158,Married
53159,Married
53160,Divorced
53161,Divorced
53162,Divorced
53163,Divorced
53164,Married
53165,Divorced
53166,Divorced
53167,Divorced
53168,Divorced
53169,Divorced
53170,Divorced
53171,Divorced
53172,Divorced
53173,Married
53174,Single
53175,Married
53176,Married
53177,Divorced
53178,Single
53179,Divorced
53180,Married
53181,Single
53182,Married
53183,Divorced
53184,Single
53185,Married
53186,Married
53187,Single
53188,Divorced
53189,Divorced
53190,Married
53191,Divorced
53192,Married
53193,Single
53194,Divorced
53195,Divorced
53196,Divorced
53197,Divorced
53198,Divorced
53199,Single
53200,Married
53201,Divorced
53202,Married
53203,Single
53204,Single
53205,Single
53206,Divorced
53207,Divorced
53208,Divorced
53209,Single
53210,Married
53211,Divorced
53212,Married
53213,Single
53214,Divorced
53215,Single
53216,Single
53217,Single
53218,Single
53219,Divorced
53220,Single
53221,Divorced
53222,Single
53223,Single
53224,Divorced
53225,Divorced
53226,Married
53227,Single
53228,Married
53229,Divorced
53230,Divorced
53231,Single
53232,Divorced
53233,Single
53234,Single
53235,Married
53236,Married
53237,Single
53238,Married
53239,Divorced
53240,Single
53241,Divorced
53242,Divorced
53243,Divorced
53244,Single
53245,Single
53246,Married
53247,Single
53248,Married
53249,Divorced
53250,Divorced
53251,Married
53252,Divorced
53253,Single
53254,Single
53255,Single
53256,Single
53257,Single
53258,Single
53259,Divorced
53260,Single
53261,Divorced
53262,Married
53263,Divorced
53264,Single
53265,Single
53266,Married
53267,Divorced
53268,Married
53269,Single
53270,Single
53271,Divorced
53272,Divorced
53273,Divorced
53274,Divorced
53275,Married
53276,Divorced
53277,Married
53278,Divorced
53279,Divorced
53280,Divorced
53281,Divorced
53282,Single
53283,Divorced
53284,Divorced
53285,Divorced
53286,Single
53287,Single
53288,Divorced
53289,Single
53290,Divorced
53291,Divorced
53292,Single
53293,Single
53294,Single
53295,Divorced
53296,Married
53297,Single
53298,Divorced
53299,Single
53300,Divorced
53301,Married
53302,Single
53303,Divorced
53304,Divorced
53305,Divorced
53306,Divorced
53307,Divorced
53308,Single
53309,Single
53310,Married
53311,Single
53312,Divorced
53313,Married
53314,Married
53315,Divorced
53316,Married
53317,Divorced
53318,Divorced
53319,Married
53320,Married
53321,Divorced
53322,Divorced
53323,Single
53324,Divorced
53325,Divorced
53326,Divorced
53327,Married
53328,Married
53329,Divorced
53330,Divorced
53331,Divorced
53332,Divorced
53333,Divorced
53334,Divorced
53335,Divorced
53336,Married
53337,Divorced
53338,Divorced
53339,Divorced
53340,Single
53341,Divorced
53342,Divorced
53343,Single
53344,Married
53345,Divorced
53346,Married
53347,Single
53348,Married
53349,Divorced
53350,Single
53351,Married
53352,Married
53353,Single
53354,Single
53355,Divorced
53356,Single
53357,Divorced
53358,Married
53359,Married
53360,Divorced
53361,Single
53362,Married
53363,Single
53364,Single
53365,Married
53366,Divorced
53367,Divorced
53368,Divorced
53369,Divorced
53370,Divorced
53371,Single
53372,Divorced
53373,Divorced
53374,Divorced
53375,Married
53376,Single
53377,Single
53378,Single
53379,Single
53380,Single
53381,Divorced
53382,Married
53383,Divorced
53384,Divorced
53385,Single
53386,Divorced
53387,Divorced
53388,Divorced
53389,Divorced
53390,Divorced
53391,Single
53392,Married
53393,Married
53394,Single
53395,Married
53396,Single
53397,Single
53398,Married
53399,Married
53400,Single
53401,Single
53402,Single
53403,Single
53404,Married
53405,Married
53406,Divorced
53407,Married
53408,Divorced
53409,Divorced
53410,Single
53411,Divorced
53412,Divorced
53413,Divorced
53414,Married
53415,Married
53416,Married
53417,Divorced
53418,Single
53419,Divorced
53420,Married
53421,Divorced
53422,Single
53423,Single
53424,Divorced
53425,Divorced
53426,Single
53427,Single
53428,Single
53429,Divorced
53430,Divorced
53431,Married
53432,Divorced
53433,Divorced
53434,Single
53435,Divorced
53436,Divorced
53437,Married
53438,Single
53439,Single
53440,Divorced
53441,Divorced
53442,Divorced
53443,Single
53444,Single
53445,Single
53446,Divorced
53447,Single
53448,Married
53449,Divorced
53450,Single
53451,Divorced
53452,Married
53453,Divorced
53454,Divorced
53455,Divorced
53456,Divorced
53457,Divorced
53458,Single
53459,Divorced
53460,Married
53461,Married
53462,Divorced
53463,Divorced
53464,Single
53465,Single
53466,Married
53467,Single
53468,Single
53469,Married
53470,Divorced
53471,Single
53472,Divorced
53473,Divorced
53474,Divorced
53475,Divorced
53476,Divorced
53477,Divorced
53478,Divorced
53479,Single
53480,Divorced
53481,Married
53482,Single
53483,Single
53484,Married
53485,Single
53486,Married
53487,Divorced
53488,Married
53489,Single
53490,Divorced
53491,Married
53492,Single
53493,Divorced
53494,Divorced
53495,Single
53496,Divorced
53497,Single
53498,Married
53499,Married
53500,Married
53501,Divorced
53502,Single
53503,Divorced
53504,Married
53505,Single
53506,Single
53507,Single
53508,Single
53509,Divorced
53510,Divorced
53511,Married
53512,Divorced
53513,Single
53514,Married
53515,Single
53516,Divorced
53517,Divorced
53518,Married
53519,Single
53520,Single
53521,Divorced
53522,Divorced
53523,Married
53524,Divorced
53525,Divorced
53526,Single
53527,Divorced
53528,Single
53529,Single
53530,Single
53531,Divorced
53532,Single
53533,Divorced
53534,Divorced
53535,Divorced
53536,Divorced
53537,Married
53538,Single
53539,Divorced
53540,Single
53541,Married
53542,Married
53543,Divorced
53544,Single
53545,Divorced
53546,Divorced
53547,Single
53548,Single
53549,Married
53550,Divorced
53551,Divorced
53552,Divorced
53553,Single
53554,Divorced
53555,Married
53556,Married
53557,Divorced
53558,Divorced
53559,Divorced
53560,Divorced
53561,Divorced
53562,Divorced
53563,Divorced
53564,Married
53565,Married
53566,Single
53567,Single
53568,Married
53569,Divorced
53570,Married
53571,Divorced
53572,Single
53573,Married
53574,Divorced
53575,Married
53576,Single
53577,Divorced
53578,Divorced
53579,Divorced
53580,Divorced
53581,Married
53582,Divorced
53583,Single
53584,Married
53585,Divorced
53586,Divorced
53587,Single
53588,Single
53589,Divorced
53590,Divorced
53591,Divorced
53592,Single
53593,Married
53594,Married
53595,Single
53596,Married
53597,Divorced
53598,Divorced
53599,Married
53600,Single
53601,Divorced
53602,Single
53603,Single
53604,Single
53605,Married
53606,Single
53607,Divorced
53608,Single
53609,Married
53610,Single
53611,Married
53612,Single
53613,Married
53614,Divorced
53615,Divorced
53616,Divorced
53617,Single
53618,Single
53619,Divorced
53620,Divorced
53621,Single
53622,Single
53623,Married
53624,Single
53625,Single
53626,Divorced
53627,Single
53628,Married
53629,Married
53630,Divorced
53631,Single
53632,Divorced
53633,Divorced
53634,Single
53635,Divorced
53636,Divorced
53637,Single
53638,Single
53639,Divorced
53640,Single
53641,Married
53642,Single
53643,Single
53644,Divorced
53645,Divorced
53646,Divorced
53647,Single
53648,Married
53649,Married
53650,Single
53651,Married
53652,Single
53653,Married
53654,Married
53655,Single
53656,Divorced
53657,Divorced
53658,Divorced
53659,Divorced
53660,Single
53661,Divorced
53662,Single
53663,Single
53664,Divorced
53665,Single
53666,Single
53667,Divorced
53668,Married
53669,Married
53670,Divorced
53671,Single
53672,Divorced
53673,Married
53674,Single
53675,Divorced
53676,Divorced
53677,Divorced
53678,Divorced
53679,Married
53680,Divorced
53681,Divorced
53682,Divorced
53683,Divorced
53684,Divorced
53685,Divorced
53686,Single
53687,Divorced
53688,Single
53689,Single
53690,Divorced
53691,Divorced
53692,Single
53693,Single
53694,Divorced
53695,Single
53696,Single
53697,Single
53698,Single
53699,Single
53700,Divorced
53701,Married
53702,Single
53703,Single
53704,Married
53705,Single
53706,Married
53707,Single
53708,Divorced
53709,Single
53710,Divorced
53711,Divorced
53712,Divorced
53713,Single
53714,Divorced
53715,Divorced
53716,Divorced
53717,Divorced
53718,Divorced
53719,Divorced
53720,Married
53721,Married
53722,Married
53723,Single
53724,Single
53725,Married
53726,Single
53727,Divorced
53728,Divorced
53729,Married
53730,Divorced
53731,Married
53732,Single
53733,Single
53734,Single
53735,Divorced
53736,Married
53737,Single
53738,Divorced
53739,Single
53740,Divorced
53741,Single
53742,Divorced
53743,Married
53744,Divorced
53745,Married
53746,Married
53747,Divorced
53748,Single
53749,Single
53750,Divorced
53751,Single
53752,Divorced
53753,Single
53754,Married
53755,Married
53756,Divorced
53757,Divorced
53758,Divorced
53759,Single
53760,Married
53761,Single
53762,Divorced
53763,Divorced
53764,Divorced
53765,Single
53766,Single
53767,Married
53768,Single
53769,Divorced
53770,Single
53771,Divorced
53772,Single
53773,Single
53774,Single
53775,Divorced
53776,Single
53777,Single
53778,Married
53779,Married
53780,Married
53781,Married
53782,Single
53783,Married
53784,Married
53785,Married
53786,Married
53787,Single
53788,Married
53789,Married
53790,Married
53791,Married
53792,Married
53793,Single
53794,Married
53795,Married
53796,Married
53797,Married
53798,Married
53799,Single
53800,Married
53801,Married
53802,Married
53803,Married
53804,Married
53805,Married
53806,Single
53807,Married
53808,Married
53809,Married
53810,Married
53811,Single
53812,Single
53813,Single
53814,Single
53815,Married
53816,Married
53817,Married
53818,Married
53819,Married
53820,Single
53821,Married
53822,Married
53823,Married
53824,Married
53825,Married
53826,Single
53827,Married
53828,Married
53829,Married
53830,Married
53831,Married
53832,Married
53833,Single
53834,Married
53835,Single
53836,Married
53837,Married
53838,Married
53839,Married
53840,Married
53841,Married
53842,Married
53843,Single
53844,Single
53845,Married
53846,Married
53847,Married
53848,Married
53849,Married
53850,Single
53851,Married
53852,Married
53853,Married
53854,Married
53855,Single
53856,Married
53857,Married
53858,Married
53859,Single
53860,Married
53861,Single
53862,Single
53863,Single
53864,Married
53865,Married
53866,Married
53867,Married
53868,Married
53869,Single
53870,Married
53871,Single
53872,Married
53873,Married
53874,Married
53875,Married
53876,Married
53877,Single
53878,Married
53879,Married
53880,Married
53881,Married
53882,Married
53883,Married
53884,Single
53885,Married
53886,Single
53887,Single
53888,Single
53889,Married
53890,Married
53891,Married
53892,Single
53893,Married
53894,Married
53895,Married
53896,Single
53897,Single
53898,Married
53899,Married
53900,Married
53901,Married
53902,Married
53903,Married
53904,Married
53905,Married
53906,Single
53907,Married
53908,Married
53909,Single
53910,Married
53911,Single
53912,Married
53913,Married
53914,Married
53915,Married
53916,Single
53917,Married
53918,Married
53919,Married
53920,Married
53921,Married
53922,Single
53923,Married
53924,Married
53925,Married
53926,Married
53927,Married
53928,Single
53929,Single
53930,Single
53931,Married
53932,Married
53933,Single
53934,Married
53935,Single
53936,Married
53937,Married
53938,Married
53939,Single
53940,Single
53941,Single
53942,Married
53943,Married
53944,Single
53945,Single
53946,Single
53947,Married
53948,Married
53949,Married
53950,Married
53951,Single
53952,Married
53953,Married
53954,Married
53955,Married
53956,Married
53957,Married
53958,Married
53959,Married
53960,Single
53961,Single
53962,Single
53963,Married
53964,Married
53965,Married
53966,Married
53967,Married
53968,Married
53969,Married
53970,Married
53971,Married
53972,Single
53973,Married
53974,Married
53975,Single
53976,Single
53977,Married
53978,Married
53979,Married
53980,Married
53981,Married
53982,Single
53983,Married
53984,Single
53985,Single
53986,Married
53987,Single
53988,Married
53989,Married
53990,Married
53991,Married
53992,Married
53993,Married
53994,Married
53995,Married
53996,Married
53997,Married
53998,Married
53999,Married
54000,Single
54001,Married
54002,Single
54003,Married
54004,Married
54005,Married
54006,Married
54007,Married
54008,Single
54009,Married
54010,Single
54011,Married
54012,Single
54013,Married
54014,Married
54015,Married
54016,Single
54017,Single
54018,Married
54019,Married
54020,Married
54021,Married
54022,Married
54023,Single
54024,Married
54025,Married
54026,Married
54027,Married
54028,Married
54029,Single
54030,Single
54031,Married
54032,Married
54033,Married
54034,Single
54035,Married
54036,Married
54037,Married
54038,Single
54039,Married
54040,Married
54041,Single
54042,Married
54043,Married
54044,Married
54045,Single
54046,Married
54047,Married
54048,Married
54049,Married
54050,Married
54051,Married
54052,Married
54053,Single
54054,Single
54055,Married
54056,Single
54057,Married
54058,Married
54059,Married
54060,Single
54061,Married
54062,Married
54063,Married
54064,Married
54065,Married
54066,Single
54067,Married
54068,Married
54069,Married
54070,Married
54071,Married
54072,Single
54073,Married
54074,Married
54075,Single
54076,Married
54077,Single
54078,Married
54079,Married
54080,Married
54081,Married
54082,Single
54083,Married
54084,Single
54085,Single
54086,Married
54087,Single
54088,Married
54089,Married
54090,Married
54091,Married
54092,Married
54093,Married
54094,Single
54095,Single
54096,Married
54097,Single
54098,Single
54099,Single
54100,Married
54101,Married
54102,Married
54103,Married
54104,Married
54105,Single
54106,Married
54107,Married
54108,Married
54109,Married
54110,Married
54111,Married
54112,Married
54113,Married
54114,Single
54115,Single
54116,Married
54117,Single
54118,Married
54119,Married
54120,Single
54121,Married
54122,Married
54123,Married
54124,Married
54125,Married
54126,Single
54127,Single
54128,Single
54129,Married
54130,Married
54131,Married
54132,Married
54133,Married
54134,Married
54135,Married
54136,Married
54137,Married
54138,Married
54139,Married
54140,Single
54141,Single
54142,Married
54143,Married
54144,Married
54145,Single
54146,Single
54147,Married
54148,Married
54149,Married
54150,Married
54151,Single
54152,Married
54153,Married
54154,Single
54155,Single
54156,Married
54157,Married
54158,Married
54159,Married
54160,Married
54161,Single
54162,Married
54163,Single
54164,Married
54165,Married
54166,Single
54167,Married
54168,Married
54169,Single
54170,Married
54171,Married
54172,Single
54173,Married
54174,Married
54175,Single
54176,Married
54177,Married
54178,Married
54179,Married
54180,Single
54181,Married
54182,Single
54183,Single
54184,Single
54185,Single
54186,Married
54187,Single
54188,Married
54189,Married
54190,Single
54191,Single
54192,Married
54193,Single
54194,Married
54195,Married
54196,Married
54197,Married
54198,Married
54199,Married
54200,Married
54201,Married
54202,Married
54203,Single
54204,Single
54205,Single
54206,Married
54207,Single
54208,Married
54209,Single
54210,Married
54211,Single
54212,Single
54213,Married
54214,Married
54215,Married
54216,Single
54217,Married
54218,Married
54219,Married
54220,Married
54221,Married
54222,Single
54223,Married
54224,Single
54225,Married
54226,Married
54227,Single
54228,Married
54229,Married
54230,Married
54231,Single
54232,Married
54233,Single
54234,Married
54235,Married
54236,Single
54237,Single
54238,Married
54239,Single
54240,Married
54241,Married
54242,Single
54243,Married
54244,Married
54245,Married
54246,Single
54247,Married
54248,Married
54249,Married
54250,Single
54251,Married
54252,Single
54253,Married
54254,Married
54255,Single
54256,Married
54257,Married
54258,Married
54259,Single
54260,Married
54261,Married
54262,Single
54263,Single
54264,Single
54265,Married
54266,Married
54267,Married
54268,Single
54269,Married
54270,Single
54271,Single
54272,Single
54273,Single
54274,Married
54275,Married
54276,Single
54277,Single
54278,Married
54279,Married
54280,Married
54281,Married
54282,Married
54283,Married
54284,Single
54285,Married
54286,Married
54287,Married
54288,Single
54289,Married
54290,Married
54291,Single
54292,Single
54293,Married
54294,Married
54295,Married
54296,Married
54297,Single
54298,Married
54299,Married
54300,Married
54301,Single
54302,Single
54303,Single
54304,Single
54305,Married
54306,Married
54307,Single
54308,Married
54309,Married
54310,Single
54311,Married
54312,Married
54313,Married
54314,Married
54315,Single
54316,Married
54317,Married
54318,Married
54319,Married
54320,Married
54321,Married
54322,Married
54323,Married
54324,Married
54325,Married
54326,Single
54327,Married
54328,Married
54329,Single
54330,Single
54331,Married
54332,Single
54333,Single
54334,Married
54335,Married
54336,Married
54337,Single
54338,Single
54339,Married
54340,Single
54341,Married
54342,Single
54343,Single
54344,Married
54345,Married
54346,Married
54347,Married
54348,Single
54349,Married
54350,Single
54351,Married
54352,Single
54353,Married
54354,Married
54355,Married
54356,Married
54357,Single
54358,Married
54359,Married
54360,Married
54361,Married
54362,Married
54363,Married
54364,Married
54365,Married
54366,Married
54367,Married
54368,Single
54369,Married
54370,Married
54371,Married
54372,Single
54373,Single
54374,Married
54375,Single
54376,Single
54377,Single
54378,Single
54379,Single
54380,Married
54381,Single
54382,Married
54383,Married
54384,Married
54385,Married
54386,Married
54387,Married
54388,Married
54389,Single
54390,Single
54391,Single
54392,Married
54393,Married
54394,Married
54395,Married
54396,Married
54397,Married
54398,Single
54399,Married
54400,Single
54401,Married
54402,Married
54403,Married
54404,Married
54405,Married
54406,Married
54407,Married
54408,Married
54409,Married
54410,Married
54411,Married
54412,Single
54413,Single
54414,Single
54415,Married
54416,Married
54417,Married
54418,Married
54419,Married
54420,Single
54421,Married
54422,Married
54423,Single
54424,Married
54425,Single
54426,Married
54427,Married
54428,Married
54429,Married
54430,Married
54431,Single
54432,Married
54433,Married
54434,Married
54435,Single
54436,Married
54437,Married
54438,Married
54439,Married
54440,Married
54441,Married
54442,Married
54443,Single
54444,Married
54445,Married
54446,Single
54447,Married
54448,Married
54449,Married
54450,Single
54451,Single
54452,Single
54453,Married
54454,Single
54455,Married
54456,Married
54457,Single
54458,Married
54459,Married
54460,Married
54461,Single
54462,Single
54463,Single
54464,Married
54465,Married
54466,Married
54467,Married
54468,Married
54469,Married
54470,Married
54471,Married
54472,Married
54473,Married
54474,Married
54475,Married
54476,Single
54477,Single
54478,Married
54479,Single
54480,Married
54481,Single
54482,Married
54483,Single
54484,Married
54485,Married
54486,Married
54487,Married
54488,Married
54489,Single
54490,Married
54491,Married
54492,Married
54493,Single
54494,Married
54495,Married
54496,Married
54497,Married
54498,Single
54499,Married
54500,Married
54501,Married
54502,Married
54503,Single
54504,Married
54505,Single
54506,Married
54507,Single
54508,Single
54509,Single
54510,Married
54511,Married
54512,Married
54513,Married
54514,Married
54515,Married
54516,Married
54517,Single
54518,Single
54519,Single
54520,Married
54521,Married
54522,Married
54523,Single
54524,Single
54525,Married
54526,Married
54527,Single
54528,Single
54529,Married
54530,Single
54531,Single
54532,Single
54533,Single
54534,Married
54535,Single
54536,Single
54537,Married
54538,Married
54539,Single
54540,Single
54541,Married
54542,Married
54543,Single
54544,Married
54545,Married
54546,Single
54547,Married
54548,Married
54549,Married
54550,Single
54551,Married
54552,Married
54553,Married
54554,Married
54555,Married
54556,Married
54557,Married
54558,Single
54559,Married
54560,Married
54561,Married
54562,Married
54563,Single
54564,Married
54565,Married
54566,Married
54567,Married
54568,Married
54569,Married
54570,Married
54571,Single
54572,Married
54573,Married
54574,Married
54575,Single
54576,Married
54577,Married
54578,Married
54579,Married
54580,Married
54581,Married
54582,Married
54583,Single
54584,Married
54585,Married
54586,Married
54587,Single
54588,Married
54589,Married
54590,Married
54591,Single
54592,Single
54593,Married
54594,Married
54595,Married
54596,Married
54597,Married
54598,Single
54599,Married
54600,Married
54601,Married
54602,Married
54603,Single
54604,Single
54605,Married
54606,Single
54607,Single
54608,Married
54609,Single
54610,Married
54611,Single
54612,Married
54613,Married
54614,Married
54615,Married
54616,Married
54617,Married
54618,Single
54619,Married
54620,Single
54621,Married
54622,Single
54623,Single
54624,Single
54625,Single
54626,Married
54627,Married
54628,Married
54629,Married
54630,Married
54631,Married
54632,Married
54633,Married
54634,Married
54635,Married
54636,Married
54637,Married
54638,Married
54639,Married
54640,Married
54641,Married
54642,Married
54643,Married
54644,Single
54645,Married
54646,Married
54647,Married
54648,Single
54649,Married
54650,Married
54651,Single
54652,Married
54653,Married
54654,Single
54655,Married
54656,Married
54657,Single
54658,Married
54659,Married
54660,Married
54661,Married
54662,Married
54663,Single
54664,Married
54665,Married
54666,Married
54667,Married
54668,Married
54669,Single
54670,Married
54671,Married
54672,Married
54673,Single
54674,Single
54675,Single
54676,Married
54677,Married
54678,Married
54679,Single
54680,Married
54681,Married
54682,Married
54683,Single
54684,Married
54685,Single
54686,Single
54687,Single
54688,Single
54689,Married
54690,Single
54691,Married
54692,Single
54693,Single
54694,Married
54695,Married
54696,Married
54697,Single
54698,Married
54699,Married
54700,Married
54701,Single
54702,Married
54703,Single
54704,Single
54705,Married
54706,Married
54707,Single
54708,Married
54709,Married
54710,Single
54711,Married
54712,Married
54713,Married
54714,Single
54715,Single
54716,Married
54717,Single
54718,Married
54719,Married
54720,Married
54721,Married
54722,Married
54723,Single
54724,Single
54725,Single
54726,Single
54727,Single
54728,Single
54729,Married
54730,Single
54731,Married
54732,Married
54733,Married
54734,Single
54735,Single
54736,Married
54737,Married
54738,Married
54739,Single
54740,Single
54741,Married
54742,Married
54743,Married
54744,Married
54745,Married
54746,Married
54747,Married
54748,Married
54749,Married
54750,Married
54751,Married
54752,Single
54753,Married
54754,Married
54755,Married
54756,Single
54757,Single
54758,Married
54759,Single
54760,Married
54761,Married
54762,Single
54763,Single
54764,Single
54765,Married
54766,Married
54767,Single
54768,Married
54769,Single
54770,Married
54771,Married
54772,Single
54773,Married
54774,Married
54775,Married
54776,Married
54777,Married
54778,Single
54779,Single
54780,Married
54781,Single
54782,Married
54783,Married
54784,Married
54785,Married
54786,Married
54787,Married
54788,Married
54789,Married
54790,Married
54791,Married
54792,Married
54793,Single
54794,Married
54795,Married
54796,Married
54797,Married
54798,Married
54799,Married
54800,Married
54801,Married
54802,Married
54803,Married
54804,Married
54805,Married
54806,Married
54807,Married
54808,Married
54809,Married
54810,Single
54811,Married
54812,Married
54813,Single
54814,Married
54815,Married
54816,Married
54817,Single
54818,Married
54819,Married
54820,Single
54821,Married
54822,Married
54823,Single
54824,Single
54825,Married
54826,Single
54827,Married
54828,Married
54829,Married
54830,Married
54831,Single
54832,Married
54833,Single
54834,Single
54835,Married
54836,Married
54837,Married
54838,Married
54839,Married
54840,Married
54841,Single
54842,Married
54843,Married
54844,Married
54845,Married
54846,Single
54847,Single
54848,Single
54849,Single
54850,Single
54851,Married
54852,Married
54853,Married
54854,Married
54855,Single
54856,Married
54857,Married
54858,Married
54859,Married
54860,Married
54861,Single
54862,Married
54863,Married
54864,Single
54865,Married
54866,Single
54867,Single
54868,Married
54869,Married
54870,Single
54871,Single
54872,Single
54873,Single
54874,Married
54875,Married
54876,Married
54877,Married
54878,Married
54879,Married
54880,Single
54881,Married
54882,Married
54883,Married
54884,Married
54885,Married
54886,Married
54887,Married
54888,Single
54889,Married
54890,Married
54891,Married
54892,Single
54893,Single
54894,Married
54895,Married
54896,Single
54897,Single
54898,Single
54899,Married
54900,Married
54901,Married
54902,Married
54903,Married
54904,Single
54905,Married
54906,Married
54907,Married
54908,Single
54909,Single
54910,Married
54911,Married
54912,Married
54913,Single
54914,Single
54915,Single
54916,Married
54917,Single
54918,Married
54919,Married
54920,Single
54921,Married
54922,Married
54923,Married
54924,Married
54925,Married
54926,Married
54927,Married
54928,Single
54929,Married
54930,Married
54931,Married
54932,Married
54933,Married
54934,Single
54935,Single
54936,Married
54937,Single
54938,Single
54939,Married
54940,Married
54941,Single
54942,Married
54943,Married
54944,Married
54945,Married
54946,Married
54947,Married
54948,Married
54949,Single
54950,Married
54951,Married
54952,Single
54953,Single
54954,Married
54955,Single
54956,Married
54957,Married
54958,Married
54959,Single
54960,Married
54961,Married
54962,Single
54963,Married
54964,Married
54965,Single
54966,Married
54967,Single
54968,Married
54969,Married
54970,Married
54971,Married
54972,Single
54973,Married
54974,Married
54975,Single
54976,Single
54977,Single
54978,Single
54979,Married
54980,Married
54981,Married
54982,Married
54983,Single
54984,Married
54985,Single
54986,Married
54987,Married
54988,Married
54989,Single
54990,Single
54991,Married
54992,Married
54993,Married
54994,Married
54995,Married
54996,Single
54997,Married
54998,Single
54999,Single
55000,Single
55001,Married
55002,Single
55003,Married
55004,Married
55005,Married
55006,Married
55007,Married
55008,Single
55009,Married
55010,Single
55011,Married
55012,Married
55013,Married
55014,Single
55015,Married
55016,Married
55017,Single
55018,Single
55019,Married
55020,Married
55021,Married
55022,Married
55023,Single
55024,Married
55025,Married
55026,Married
55027,Married
55028,Married
55029,Married
55030,Married
55031,Married
55032,Married
55033,Married
55034,Married
55035,Married
55036,Single
55037,Single
55038,Married
55039,Married
55040,Married
55041,Married
55042,Single
55043,Married
55044,Married
55045,Married
55046,Single
55047,Married
55048,Married
55049,Married
55050,Married
55051,Married
55052,Married
55053,Single
55054,Married
55055,Married
55056,Married
55057,Single
55058,Single
55059,Married
55060,Married
55061,Married
55062,Single
55063,Married
55064,Married
55065,Single
55066,Married
55067,Married
55068,Married
55069,Married
55070,Single
55071,Married
55072,Single
55073,Single
55074,Single
55075,Married
55076,Single
55077,Married
55078,Single
55079,Married
55080,Single
55081,Married
55082,Single
55083,Married
55084,Married
55085,Married
55086,Married
55087,Single
55088,Single
55089,Married
55090,Married
55091,Single
55092,Single
55093,Married
55094,Single
55095,Single
55096,Married
55097,Single
55098,Married
55099,Married
55100,Married
55101,Single
55102,Married
55103,Married
55104,Single
55105,Married
55106,Married
55107,Single
55108,Single
55109,Married
55110,Single
55111,Married
55112,Single
55113,Single
55114,Married
55115,Married
55116,Married
55117,Single
55118,Married
55119,Married
55120,Single
55121,Married
55122,Single
55123,Married
55124,Married
55125,Single
55126,Married
55127,Married
55128,Married
55129,Married
55130,Single
55131,Married
55132,Single
55133,Single
55134,Married
55135,Single
55136,Single
55137,Married
55138,Married
55139,Married
55140,Married
55141,Single
55142,Married
55143,Married
55144,Single
55145,Married
55146,Married
55147,Married
55148,Married
55149,Married
55150,Married
55151,Married
55152,Married
55153,Married
55154,Married
55155,Married
55156,Single
55157,Married
55158,Single
55159,Single
55160,Married
55161,Married
55162,Single
55163,Single
55164,Married
55165,Single
55166,Single
55167,Single
55168,Single
55169,Single
55170,Married
55171,Married
55172,Single
55173,Single
55174,Married
55175,Single
55176,Married
55177,Single
55178,Married
55179,Single
55180,Married
55181,Married
55182,Married
55183,Single
55184,Married
55185,Married
55186,Married
55187,Married
55188,Married
55189,Married
55190,Married
55191,Married
55192,Married
55193,Single
55194,Single
55195,Married
55196,Single
55197,Married
55198,Married
55199,Married
55200,Married
55201,Married
55202,Single
55203,Single
55204,Single
55205,Married
55206,Married
55207,Single
55208,Married
55209,Single
55210,Married
55211,Single
55212,Married
55213,Married
55214,Married
55215,Married
55216,Married
55217,Married
55218,Single
55219,Single
55220,Married
55221,Single
55222,Married
55223,Single
55224,Married
55225,Married
55226,Married
55227,Married
55228,Married
55229,Single
55230,Married
55231,Single
55232,Married
55233,Married
55234,Married
55235,Single
55236,Single
55237,Married
55238,Single
55239,Married
55240,Single
55241,Married
55242,Single
55243,Single
55244,Single
55245,Married
55246,Single
55247,Single
55248,Married
55249,Married
55250,Married
55251,Married
55252,Single
55253,Married
55254,Married
55255,Married
55256,Married
55257,Single
55258,Married
55259,Married
55260,Married
55261,Married
55262,Married
55263,Single
55264,Married
55265,Married
55266,Married
55267,Married
55268,Married
55269,Single
55270,Married
55271,Married
55272,Married
55273,Married
55274,Married
55275,Married
55276,Single
55277,Married
55278,Married
55279,Married
55280,Married
55281,Single
55282,Single
55283,Single
55284,Single
55285,Married
55286,Married
55287,Married
55288,Married
55289,Married
55290,Single
55291,Married
55292,Married
55293,Married
55294,Married
55295,Married
55296,Single
55297,Married
55298,Married
55299,Married
55300,Married
55301,Married
55302,Married
55303,Single
55304,Married
55305,Single
55306,Married
55307,Married
55308,Married
55309,Married
55310,Married
55311,Married
55312,Married
55313,Single
55314,Single
55315,Married
55316,Married
55317,Married
55318,Married
55319,Married
55320,Single
55321,Married
55322,Married
55323,Married
55324,Married
55325,Single
55326,Married
55327,Married
55328,Married
55329,Single
55330,Married
55331,Single
55332,Single
55333,Single
55334,Married
55335,Married
55336,Married
55337,Married
55338,Married
55339,Single
55340,Married
55341,Single
55342,Married
55343,Married
55344,Married
55345,Married
55346,Married
55347,Single
55348,Married
55349,Married
55350,Married
55351,Married
55352,Married
55353,Married
55354,Single
55355,Married
55356,Single
55357,Single
55358,Single
55359,Married
55360,Married
55361,Married
55362,Single
55363,Married
55364,Married
55365,Married
55366,Single
55367,Single
55368,Married
55369,Married
55370,Married
55371,Married
55372,Married
55373,Married
55374,Married
55375,Married
55376,Single
55377,Married
55378,Married
55379,Single
55380,Married
55381,Single
55382,Married
55383,Married
55384,Married
55385,Married
55386,Single
55387,Married
55388,Married
55389,Married
55390,Married
55391,Married
55392,Single
55393,Married
55394,Married
55395,Married
55396,Married
55397,Married
55398,Single
55399,Single
55400,Single
55401,Married
55402,Married
55403,Single
55404,Married
55405,Single
55406,Married
55407,Married
55408,Married
55409,Single
55410,Single
55411,Single
55412,Married
55413,Married
55414,Single
55415,Single
55416,Single
55417,Married
55418,Married
55419,Married
55420,Married
55421,Single
55422,Married
55423,Married
55424,Married
55425,Married
55426,Married
55427,Married
55428,Married
55429,Married
55430,Single
55431,Single
55432,Single
55433,Married
55434,Married
55435,Married
55436,Married
55437,Married
55438,Married
55439,Married
55440,Married
55441,Married
55442,Single
55443,Married
55444,Married
55445,Single
55446,Single
55447,Married
55448,Married
55449,Married
55450,Married
55451,Married
55452,Single
55453,Married
55454,Single
55455,Single
55456,Married
55457,Single
55458,Married
55459,Married
55460,Married
55461,Married
55462,Married
55463,Married
55464,Married
55465,Married
55466,Married
55467,Married
55468,Married
55469,Married
55470,Single
55471,Married
55472,Single
55473,Married
55474,Married
55475,Married
55476,Married
55477,Married
55478,Single
55479,Married
55480,Single
55481,Married
55482,Single
55483,Married
55484,Married
55485,Married
55486,Single
55487,Single
55488,Married
55489,Married
55490,Married
55491,Married
55492,Married
55493,Single
55494,Married
55495,Married
55496,Married
55497,Married
55498,Married
55499,Single
55500,Single
55501,Married
55502,Married
55503,Married
55504,Single
55505,Married
55506,Married
55507,Married
55508,Single
55509,Married
55510,Married
55511,Single
55512,Married
55513,Married
55514,Married
55515,Single
55516,Married
55517,Married
55518,Married
55519,Married
55520,Married
55521,Married
55522,Married
55523,Single
55524,Single
55525,Married
55526,Single
55527,Married
55528,Married
55529,Married
55530,Single
55531,Married
55532,Married
55533,Married
55534,Married
55535,Married
55536,Single
55537,Married
55538,Married
55539,Married
55540,Married
55541,Married
55542,Single
55543,Married
55544,Married
55545,Single
55546,Married
55547,Single
55548,Married
55549,Married
55550,Married
55551,Married
55552,Single
55553,Married
55554,Single
55555,Single
55556,Married
55557,Single
55558,Married
55559,Married
55560,Married
55561,Married
55562,Married
55563,Married
55564,Single
55565,Single
55566,Married
55567,Single
55568,Single
55569,Single
55570,Married
55571,Married
55572,Married
55573,Married
55574,Married
55575,Single
55576,Married
55577,Married
55578,Married
55579,Married
55580,Married
55581,Married
55582,Married
55583,Married
55584,Single
55585,Single
55586,Married
55587,Single
55588,Married
55589,Married
55590,Single
55591,Married
55592,Married
55593,Married
55594,Married
55595,Married
55596,Single
55597,Single
55598,Single
55599,Married
55600,Married
55601,Married
55602,Married
55603,Married
55604,Married
55605,Married
55606,Married
55607,Married
55608,Married
55609,Married
55610,Single
55611,Single
55612,Married
55613,Married
55614,Married
55615,Single
55616,Single
55617,Married
55618,Married
55619,Married
55620,Married
55621,Single
55622,Married
55623,Married
55624,Single
55625,Single
55626,Married
55627,Married
55628,Married
55629,Married
55630,Married
